<?xml version="1.0"?><!DOCTYPE Configure PUBLIC "-//Jetty//Configure//EN" "https://www.eclipse.org/jetty/configure_10_0.dtd">

<Configure id="Server" class="org.eclipse.jetty.server.Server">

  <!-- =========================================================== -->
  <!-- configure rewrite handler                                   -->
  <!-- =========================================================== -->
  <Call name="insertHandler">
    <Arg>
      <New class="org.eclipse.jetty.rewrite.handler.RewriteHandler">
        <Set name="rewriteRequestURI" property="jetty.rewrite.rewriteRequestURI" />
        <Set name="rewritePathInfo" property="jetty.rewrite.rewritePathInfo" />
        <Set name="originalPathAttribute"><Property name="jetty.rewrite.originalPathAttribute" default="requestedPath"/></Set>

        <!-- Set DispatcherTypes  -->
        <Set name="dispatcherTypes">
          <Array type="javax.servlet.DispatcherType">
            <Item>
              <Call class="javax.servlet.DispatcherType" name="valueOf">
                <Arg>REQUEST</Arg>
              </Call>
            </Item>
            <Item>
              <Call class="javax.servlet.DispatcherType" name="valueOf">
                <Arg>ASYNC</Arg>
              </Call>
            </Item>
          </Array>
        </Set>

        <Get id="Rewrite" name="ruleContainer" />
        <!-- see rewrite-rules.xml in $JETTY_BASE for how to add a rule(s) -->
      </New>
    </Arg>
  </Call>
</Configure>
